City_ID,City,Lat,Lng,Max Temp,Current Description,Humidity,Cloudiness,Wind Speed,Country
0,Atuona,-9.8,-139.0333,81.1,scattered clouds,80,49,16.55,PF
1,Tasiilaq,65.6145,-37.6368,30.2,overcast clouds,93,90,1.14,GL
2,Mahebourg,-20.4081,57.7,78.8,light rain,89,40,3.44,MU
3,Norman Wells,65.282,-126.8329,5.0,snow,72,90,23.02,CA
4,Rikitea,-23.1203,-134.9692,74.55,moderate rain,85,100,12.5,PF
5,Puebloviejo,10.9938,-74.2844,84.99,overcast clouds,68,100,11.99,CO
6,Albany,42.6001,-73.9662,36.0,light snow,68,99,1.01,US
7,Brownwood,31.7093,-98.9912,66.2,clear sky,20,1,9.22,US
8,Ushuaia,-54.8,-68.3,51.8,few clouds,58,20,13.8,AR
9,Buraydah,26.326,43.975,80.6,broken clouds,41,75,12.66,SA
10,Ternovskaya,45.8542,40.4086,42.78,few clouds,87,23,6.44,RU
11,Hobyo,5.3505,48.5268,80.78,clear sky,73,8,8.57,SO
12,Vaini,-21.2,-175.2,84.2,broken clouds,79,75,9.22,TO
13,Bambous Virieux,-20.3428,57.7575,78.8,light rain,89,40,3.44,MU
14,Riberalta,-10.9833,-66.1,78.8,broken clouds,83,75,1.97,BO
15,New Norfolk,-42.7826,147.0587,61.0,light rain,69,100,1.59,AU
16,Ternate,0.8,127.4,81.46,overcast clouds,80,99,5.91,ID
17,Khatanga,71.9667,102.5,-38.63,scattered clouds,100,35,3.91,RU
18,Phuket,8.0,98.25,84.99,scattered clouds,74,40,18.41,TH
19,Cayenne,4.9333,-52.3333,81.0,clear sky,74,0,8.05,GF
20,Gebre Guracha,9.8,38.4,58.21,few clouds,24,17,3.62,ET
21,Chokurdakh,70.6333,147.9167,-2.52,overcast clouds,94,88,3.56,RU
22,Kapaa,22.0752,-159.319,80.6,light rain,65,40,14.97,US
23,Mataura,-46.1927,168.8643,57.0,overcast clouds,63,97,15.99,NZ
24,Poum,-20.2333,164.0167,76.78,overcast clouds,77,100,14.43,NC
25,Torva,58.0028,25.935,35.6,broken clouds,75,74,10.36,EE
26,El Prat De Llobregat,41.3278,2.0947,60.01,clear sky,54,0,3.44,ES
27,Upernavik,72.7868,-56.1549,26.67,overcast clouds,74,100,7.07,GL
28,Butaritari,3.0707,172.7902,82.18,light rain,79,59,13.8,KI
29,Rivadavia,-33.1905,-68.4608,77.0,few clouds,50,20,16.35,AR
30,Retz,48.7494,15.9624,55.99,broken clouds,64,60,13.35,AT
31,Alanya,36.5438,31.9998,51.8,light rain,87,75,3.44,TR
32,Victoria,22.2855,114.1577,78.01,overcast clouds,87,96,1.01,HK
33,Ahipara,-35.1667,173.1667,67.95,scattered clouds,60,46,13.44,NZ
34,Saskylakh,71.9167,114.0833,-36.08,overcast clouds,100,100,4.47,RU
35,Pahrump,36.2083,-115.9839,80.01,overcast clouds,5,88,1.99,US
36,Banjar,-8.19,114.9675,78.8,scattered clouds,94,40,5.75,ID
37,Saint George,37.1041,-113.5841,77.0,clear sky,7,1,5.66,US
38,General Roca,-39.0333,-67.5833,78.8,clear sky,36,0,6.91,AR
39,Lebu,-37.6167,-73.65,56.57,broken clouds,89,65,11.86,CL
40,Saint-Philippe,-21.3585,55.7679,77.0,broken clouds,69,75,8.05,RE
41,Yatou,37.15,122.3833,48.96,overcast clouds,79,95,5.14,CN
42,Hilo,19.7297,-155.09,80.6,heavy intensity rain,61,1,12.66,US
43,Tiksi,71.6872,128.8694,-8.25,overcast clouds,98,100,10.58,RU
44,Broken Hill,-31.95,141.4333,69.8,clear sky,43,0,6.91,AU
45,Los Llanos De Aridane,28.6585,-17.9182,64.4,clear sky,72,0,8.05,ES
46,Codrington,-38.2667,141.9667,70.81,few clouds,42,11,6.98,AU
47,Port Alfred,-33.5906,26.891,67.37,overcast clouds,82,89,10.49,ZA
48,Kavieng,-2.5744,150.7967,82.36,light rain,78,99,8.61,PG
49,Tahta,26.7693,31.5021,64.4,clear sky,34,0,6.91,EG
50,Penzance,50.1186,-5.5371,50.0,broken clouds,87,60,29.93,GB
51,Bethel,41.3712,-73.414,42.01,overcast clouds,65,93,12.19,US
52,Avarua,-21.2078,-159.775,84.2,scattered clouds,74,40,16.11,CK
53,Yellowknife,62.456,-114.3525,19.4,snow,86,90,12.66,CA
54,Punta Arenas,-53.15,-70.9167,48.2,clear sky,87,0,12.66,CL
55,Nybro,56.7446,15.9071,37.99,few clouds,90,19,1.01,SE
56,Vershino-Shakhtaminskiy,51.3012,117.8868,23.47,overcast clouds,80,100,8.75,RU
57,Tuktoyaktuk,69.4541,-133.0374,-13.0,broken clouds,70,75,13.8,CA
58,Paulo Afonso,-9.4061,-38.2147,83.05,few clouds,50,17,12.95,BR
59,East London,-33.0153,27.9116,67.57,light rain,90,100,8.08,ZA
60,Mar Del Plata,-38.0023,-57.5575,66.0,clear sky,72,0,5.75,AR
61,Verona,45.4167,11.0333,60.01,few clouds,71,22,5.75,IT
62,Saldanha,-33.0117,17.9442,59.0,broken clouds,82,80,5.75,ZA
63,Virginia Beach,36.8529,-75.978,51.01,overcast clouds,54,98,1.01,US
64,Isangel,-19.55,169.2667,82.99,moderate rain,76,97,12.82,VU
65,Cherskiy,68.75,161.3,-4.02,clear sky,83,5,5.08,RU
66,Alyangula,-13.8483,136.4192,83.07,overcast clouds,70,97,12.8,AU
67,Dikson,73.5069,80.5464,-10.19,overcast clouds,81,100,7.38,RU
68,Tivaouane,14.9515,-16.8129,68.0,clear sky,77,0,21.85,SN
69,Hermanus,-34.4187,19.2345,61.0,overcast clouds,82,100,5.86,ZA
70,Umm Lajj,25.0213,37.2685,69.51,clear sky,40,0,11.81,SA
71,Namibe,-15.1961,12.1522,75.69,scattered clouds,83,41,4.29,AO
72,Kahului,20.8947,-156.47,80.6,few clouds,61,20,21.85,US
73,Palu,-0.8917,119.8707,76.91,overcast clouds,82,100,1.79,ID
74,Tuatapere,-46.1333,167.6833,57.0,overcast clouds,63,87,15.99,NZ
75,Ribeira Grande,38.5167,-28.7,60.44,overcast clouds,82,92,26.13,PT
76,Cockburn Town,21.4612,-71.1419,78.8,scattered clouds,65,40,16.11,TC
77,Chas,23.6333,86.1667,73.27,clear sky,5,0,3.29,IN
78,Santa Isabel,-23.3156,-46.2214,69.01,few clouds,77,20,6.91,BR
79,Grindavik,63.8424,-22.4338,41.0,overcast clouds,81,90,11.5,IS
80,Castro,-24.7911,-50.0119,56.48,clear sky,73,0,2.64,BR
81,Yerbogachen,61.2767,108.0108,-0.69,overcast clouds,96,99,2.06,RU
82,Puerto Ayora,-0.7393,-90.3518,82.4,few clouds,74,20,6.91,EC
83,San Patricio,28.017,-97.5169,66.99,broken clouds,42,75,16.11,US
84,Luderitz,-26.6481,15.1594,67.93,clear sky,65,0,12.3,NA
85,Amapa,1.0,-52.0,70.92,overcast clouds,99,100,1.36,BR
86,Thompson,55.7435,-97.8558,44.6,overcast clouds,45,90,6.91,CA
87,Torbay,47.6666,-52.7314,39.2,broken clouds,52,75,6.91,CA
88,Jamestown,42.097,-79.2353,28.99,light snow,74,90,20.71,US
89,Catamarca,-28.4696,-65.7852,71.01,scattered clouds,80,47,8.01,AR
90,Busselton,-33.65,115.3333,66.0,broken clouds,95,58,1.99,AU
91,Soyo,-6.1349,12.3689,80.2,overcast clouds,79,100,5.95,AO
92,Havoysund,70.9963,24.6622,28.4,overcast clouds,80,100,6.44,NO
93,Boshnyakovo,49.6333,142.1667,34.9,overcast clouds,84,92,5.39,RU
94,Bluff,-46.6,168.3333,57.0,overcast clouds,63,86,15.99,NZ
95,Savinka,50.0785,47.0994,39.79,clear sky,64,2,8.93,RU
96,Tessalit,20.1986,1.0114,78.93,clear sky,9,5,10.87,ML
97,Arkhangelskoye,55.8549,35.3287,33.22,snow,98,100,2.59,RU
98,Arraial Do Cabo,-22.9661,-42.0278,76.5,few clouds,76,16,22.17,BR
99,Quatre Cocos,-20.2078,57.7625,78.8,light rain,89,40,3.44,MU
100,Port Elizabeth,-33.918,25.5701,60.8,broken clouds,82,75,4.61,ZA
101,Port Hardy,50.6996,-127.4199,46.4,broken clouds,70,75,6.91,CA
102,Mitu,1.1983,-70.1733,74.91,moderate rain,95,93,1.57,CO
103,Clyde River,70.4692,-68.5914,-16.6,clear sky,69,1,11.5,CA
104,Geraldton,-28.7667,114.6,75.2,overcast clouds,94,90,5.75,AU
105,Longyearbyen,78.2186,15.6401,28.4,broken clouds,74,75,9.22,SJ
106,Hyeres,43.1167,6.1167,57.2,clear sky,54,0,7.43,FR
107,Turayf,31.6725,38.6637,50.0,clear sky,71,0,11.5,SA
108,Leningradskiy,69.3833,178.4167,-0.29,overcast clouds,93,97,4.65,RU
109,Kango,0.1943,10.0951,75.04,overcast clouds,97,100,2.1,GA
110,Kaeo,-35.1,173.7833,72.0,few clouds,76,12,5.01,NZ
111,Waipawa,-41.4122,175.5153,61.0,broken clouds,72,75,21.85,NZ
112,Lazaro Cardenas,17.9583,-102.2,85.42,clear sky,51,0,10.42,MX
113,Berlin,52.5244,13.4105,44.01,broken clouds,81,75,16.11,DE
114,Rawson,-43.3002,-65.1023,63.79,broken clouds,69,71,13.0,AR
115,Nanortalik,60.1432,-45.2371,35.91,light rain,87,100,6.02,GL
116,San Cristobal,7.7669,-72.225,82.4,scattered clouds,69,40,6.91,VE
117,Carutapera,-1.195,-46.02,76.64,moderate rain,88,100,4.97,BR
118,Pathalgaon,22.5667,83.4667,69.17,clear sky,6,0,4.21,IN
119,Portland,45.5234,-122.6762,69.01,broken clouds,34,75,4.61,US
120,Wattegama,6.7989,81.4808,72.52,clear sky,84,10,4.05,LK
121,Kamina,-8.7386,24.9906,63.84,broken clouds,94,60,2.06,CD
122,Katunino,64.3862,40.6298,32.0,light snow,93,90,2.24,RU
123,Tarko-Sale,64.9225,77.785,25.05,light snow,97,100,5.99,RU
124,Shahreza,32.0339,51.8794,59.99,clear sky,32,0,5.61,IR
125,Egvekinot,66.3167,-179.1667,4.98,light snow,92,100,4.74,RU
126,Gari,59.4307,62.3497,31.08,overcast clouds,95,89,8.57,RU
127,Ruteng,-8.6136,120.4721,64.11,overcast clouds,94,100,2.15,ID
128,Barrow,71.2906,-156.7887,-7.6,clear sky,71,1,3.44,US
129,Great Yarmouth,52.6083,1.7305,43.0,overcast clouds,70,90,10.36,GB
130,Cabo San Lucas,22.8909,-109.9124,86.0,few clouds,36,20,9.22,MX
131,Port Lincoln,-34.7333,135.8667,73.54,clear sky,50,0,7.74,AU
132,Grand Gaube,-20.0064,57.6608,75.99,light rain,86,19,1.99,MU
133,Karratha,-20.7377,116.8463,81.57,clear sky,58,1,6.55,AU
134,Georgetown,5.4112,100.3354,82.99,few clouds,89,20,2.3,MY
135,Gamba,-2.65,10.0,77.92,overcast clouds,87,95,4.07,GA
136,Hobart,-42.8794,147.3294,61.0,broken clouds,82,75,3.44,AU
137,Mayo,38.8876,-76.5119,44.6,overcast clouds,57,90,17.27,US
138,Esperance,-33.8667,121.9,71.6,clear sky,20,0,18.41,AU
139,Cape Town,-33.9258,18.4232,63.0,clear sky,67,0,11.5,ZA
140,Inuvik,68.3499,-133.7218,-9.4,overcast clouds,53,96,6.91,CA
141,Alofi,-19.0595,-169.9187,84.2,scattered clouds,74,40,11.5,NU
142,Panzhihua,26.5851,101.7128,52.0,scattered clouds,66,34,2.19,CN
143,Lavrentiya,65.5833,-171.0,3.25,overcast clouds,88,100,4.18,RU
144,Kumo,10.0447,11.2122,82.02,scattered clouds,14,39,12.84,NG
145,Puerto Montt,-41.4698,-72.9447,57.2,broken clouds,88,75,2.3,CL
146,Carnarvon,-24.8667,113.6333,73.4,clear sky,100,0,5.75,AU
147,Warmbad,-28.45,18.7333,74.89,clear sky,34,3,7.09,NA
148,San Teodoro,13.4375,121.0193,78.01,overcast clouds,87,95,13.58,PH
149,Tura,25.5198,90.2201,69.19,clear sky,93,5,7.87,IN
150,Pundaguitan,6.3711,126.1689,81.36,broken clouds,78,76,9.71,PH
151,Cidreira,-30.1811,-50.2056,69.84,broken clouds,69,57,11.5,BR
152,Souillac,-20.5167,57.5167,78.8,light rain,89,40,3.44,MU
153,Vanimo,-2.6741,141.3028,79.38,overcast clouds,85,100,3.02,PG
154,Yulara,-25.2406,130.9889,64.4,clear sky,42,0,6.91,AU
155,Sangar,63.9242,127.4739,18.43,snow,95,100,3.56,RU
156,Margate,51.3813,1.3862,43.0,clear sky,75,4,8.01,GB
157,Paraiso,9.8383,-83.8656,75.0,broken clouds,60,75,20.71,CR
158,San Jose,37.3394,-121.895,88.0,clear sky,24,1,12.66,US
159,Koulikoro,14.0,-7.75,82.18,clear sky,10,0,9.42,ML
160,Chuy,-33.6971,-53.4616,63.41,scattered clouds,70,49,8.05,UY
161,Hasaki,35.7333,140.8333,59.0,few clouds,72,20,9.22,JP
162,Dunedin,-45.8742,170.5036,57.0,overcast clouds,75,100,5.99,NZ
163,Ngunguru,-35.6167,174.5,72.0,clear sky,76,8,5.01,NZ
164,Filadelfia,39.9523,-75.1638,45.0,scattered clouds,36,40,20.71,US
165,Sorland,67.667,12.6934,38.91,overcast clouds,71,100,23.4,NO
166,Sabang,5.8933,95.3214,81.75,light rain,78,100,24.83,ID
167,Ibotirama,-12.1853,-43.2206,72.59,broken clouds,78,62,3.51,BR
168,Luau,-10.7073,22.2247,63.79,overcast clouds,96,96,2.44,AO
169,Nikolskoye,59.7035,30.7861,35.6,light snow,75,0,4.47,RU
170,Kosovska Mitrovica,42.8833,20.8667,44.6,clear sky,70,0,2.19,XK
171,Atambua,-9.1061,124.8925,73.63,overcast clouds,93,100,6.08,ID
172,Bengkulu,-3.8004,102.2655,75.69,overcast clouds,90,95,10.18,ID
173,Mendi,-6.1761,143.6513,58.37,moderate rain,95,100,1.54,PG
174,Qasigiannguit,68.8193,-51.1922,37.4,overcast clouds,60,90,25.32,GL
175,Vryburg,-26.9566,24.7284,68.76,broken clouds,48,64,3.49,ZA
176,Okato,-39.2,173.8833,62.01,clear sky,81,6,11.01,NZ
177,Nemuro,43.3236,145.575,35.89,clear sky,81,2,3.29,JP
178,Coquimbo,-29.9533,-71.3436,62.6,clear sky,72,0,11.5,CL
179,Pacific Grove,36.6177,-121.9166,82.4,clear sky,33,1,5.75,US
180,Najran,17.4924,44.1277,69.8,clear sky,19,0,4.61,SA
181,Byron Bay,-28.65,153.6167,73.4,broken clouds,60,75,14.97,AU
182,Qinggang,46.6833,126.0833,47.61,overcast clouds,52,100,9.15,CN
183,Talnakh,69.4865,88.3972,-16.71,clear sky,87,7,7.36,RU
184,Bathsheba,13.2167,-59.5167,78.8,scattered clouds,57,40,16.11,BB
185,Itarema,-2.9248,-39.9167,78.21,broken clouds,82,80,10.45,BR
186,Bredasdorp,-34.5322,20.0403,62.6,overcast clouds,72,100,5.75,ZA
187,Agropoli,40.3469,14.9966,57.99,scattered clouds,86,25,1.99,IT
188,Vestmanna,62.1564,-7.1664,39.2,few clouds,93,22,6.91,FO
189,Hirara,24.8,125.2833,75.2,broken clouds,100,75,8.05,JP
190,Manadhoo,5.7667,73.3833,83.84,overcast clouds,78,100,12.33,MV
191,Kodiak,57.79,-152.4072,26.6,clear sky,43,1,24.16,US
192,Haines Junction,60.7522,-137.5108,26.6,light snow,54,100,14.97,CA
193,Pevek,69.7008,170.3133,-8.61,scattered clouds,91,47,2.13,RU
194,Bonavista,48.6499,-53.1147,41.0,scattered clouds,70,28,4.61,CA
195,Ponta Do Sol,32.6667,-17.1,59.0,clear sky,73,0,1.99,PT
196,Batemans Bay,-35.7167,150.1833,68.0,overcast clouds,81,85,1.99,AU
197,Sitka,57.0531,-135.33,33.8,moderate rain,86,90,10.36,US
198,Rocha,-34.4833,-54.3333,59.32,scattered clouds,84,25,5.1,UY
199,Sinnamary,5.3833,-52.95,77.45,overcast clouds,84,93,12.08,GF
200,Gilbues,-9.8317,-45.3439,78.87,overcast clouds,68,96,1.61,BR
201,Lorengau,-2.0226,147.2712,82.94,overcast clouds,77,99,6.33,PG
202,Hemnesberget,66.2333,13.6333,35.01,light snow,92,99,3.0,NO
203,Itupiranga,-5.1347,-49.3267,84.2,light rain,84,20,2.3,BR
204,Qaanaaq,77.484,-69.3632,5.11,overcast clouds,91,100,3.89,GL
205,Palana,59.1167,159.9667,22.14,snow,95,100,15.19,RU
206,Lamu,-2.2717,40.902,84.2,scattered clouds,79,40,11.5,KE
207,Miyako,39.6367,141.9525,47.91,scattered clouds,70,40,2.28,JP
208,Sur,22.5667,59.5289,82.8,clear sky,32,4,7.49,OM
209,Abha,18.2164,42.5053,62.6,clear sky,39,0,0.13,SA
210,Palm Coast,29.585,-81.2078,66.2,clear sky,27,1,11.5,US
211,Loandjili,-4.7561,11.8578,80.6,light rain,89,75,3.44,CG
212,Miraflores,19.2167,-98.8083,71.6,few clouds,30,20,20.71,MX
213,Bathurst,-33.4166,149.5806,57.99,broken clouds,76,51,2.39,AU
214,Maracas,-13.4411,-40.4308,67.53,broken clouds,88,78,5.64,BR
215,Port Keats,-14.25,129.55,77.76,overcast clouds,72,100,7.72,AU
216,Urambo,-5.0667,32.05,63.43,scattered clouds,96,47,4.54,TZ
217,Kungurtug,50.5994,97.5228,7.72,clear sky,93,6,1.92,RU
218,Airai,-8.9266,125.4092,61.48,overcast clouds,95,100,2.8,TL
219,Cap Malheureux,-19.9842,57.6142,75.99,light rain,86,17,1.99,MU
220,Hsinchu,24.8036,120.9686,75.99,clear sky,81,2,3.0,TW
221,Padang,-0.9492,100.3543,73.4,scattered clouds,94,40,3.44,ID
222,Opoczno,51.3757,20.2783,48.0,overcast clouds,10,96,12.15,PL
223,Nanakuli,21.3906,-158.1547,84.2,few clouds,51,20,12.66,US
224,Iskateley,67.6803,53.1512,21.54,overcast clouds,98,99,0.67,RU
225,Ayabaca,-4.6398,-79.7149,52.63,moderate rain,93,80,3.38,PE
226,Kaitangata,-46.2817,169.8464,55.0,overcast clouds,64,88,11.01,NZ
227,Miri,4.4148,114.0089,77.0,scattered clouds,88,40,2.3,MY
228,Dzaoudzi,-12.7887,45.2699,80.6,clear sky,89,0,4.61,YT
229,Isla Vista,34.4133,-119.861,82.4,clear sky,8,1,14.97,US
230,Touros,-5.1989,-35.4608,80.6,scattered clouds,78,40,5.75,BR
231,Arcata,40.8665,-124.0828,66.99,clear sky,54,1,8.05,US
232,Hithadhoo,-0.6,73.0833,83.28,scattered clouds,77,42,17.6,MV
233,Komsomolskiy,40.4272,71.7189,32.0,clear sky,69,1,6.91,UZ
234,Teknaf,20.8624,92.3058,75.87,clear sky,88,9,4.92,BD
235,Yarada,17.65,83.2667,82.4,mist,94,75,6.91,IN
236,Singapore,1.2897,103.8501,80.6,broken clouds,89,75,1.14,SG
237,Yaroslavskiy,44.1683,132.2072,44.33,overcast clouds,54,100,12.21,RU
238,Bandarbeyla,9.4942,50.8122,76.26,scattered clouds,74,32,2.91,SO
239,Plouzane,48.3833,-4.6167,57.2,overcast clouds,82,100,11.5,FR
240,Beringovskiy,63.05,179.3167,24.82,snow,95,100,13.51,RU
241,Giyon,8.5333,37.9833,63.93,broken clouds,24,65,8.41,ET
242,Hamilton,39.1834,-84.5333,36.0,overcast clouds,44,90,10.36,US
243,Naze,28.3667,129.4833,69.8,broken clouds,94,75,18.41,JP
244,Mecca,21.4267,39.8261,73.74,few clouds,42,13,7.27,SA
245,Olafsvik,64.8945,-23.7142,40.24,overcast clouds,80,98,12.26,IS
246,Belyy Yar,53.6039,91.3903,23.0,scattered clouds,80,28,4.47,RU
247,Gat,31.61,34.7642,54.0,clear sky,72,5,7.0,IL
248,Manggar,-2.8833,108.2667,77.5,overcast clouds,86,98,2.51,ID
249,Marrakesh,31.6315,-8.0083,62.6,clear sky,67,0,5.75,MA
250,Itainopolis,-7.4469,-41.4783,74.59,overcast clouds,89,100,4.63,BR
251,Esmeraldas,-19.7625,-44.3139,80.6,clear sky,57,0,4.61,BR
252,Yamada,39.4667,141.95,48.15,scattered clouds,70,38,2.93,JP
253,Aklavik,68.2191,-135.0107,-7.6,broken clouds,59,75,11.5,CA
254,Kavaratti,10.5669,72.642,83.12,overcast clouds,66,96,10.8,IN
255,Harper,4.375,-7.7169,78.78,scattered clouds,89,41,6.64,LR
256,Vardo,70.3705,31.1107,32.14,overcast clouds,83,100,6.93,NO
257,Qaqortoq,60.7167,-46.0333,37.4,broken clouds,81,75,6.91,GL
258,Ancud,-41.8697,-73.8203,57.0,scattered clouds,92,46,1.99,CL
259,Rio Grande,-32.035,-52.0986,67.33,clear sky,71,6,11.39,BR
260,Lakes Entrance,-37.8811,147.981,66.0,broken clouds,74,82,2.91,AU
261,Adre,13.4667,22.2,75.79,broken clouds,14,73,13.82,TD
262,Flin Flon,54.7682,-101.865,48.2,overcast clouds,43,90,5.75,CA
263,Lander,42.833,-108.7307,64.4,clear sky,14,1,4.61,US
264,Yar-Sale,66.8333,70.8333,26.33,overcast clouds,97,100,6.46,RU
265,Fort Nelson,58.8053,-122.7002,39.2,broken clouds,35,75,13.8,CA
266,Comodoro Rivadavia,-45.8667,-67.5,59.0,scattered clouds,94,40,5.75,AR
267,Faanui,-16.4833,-151.75,82.62,broken clouds,69,84,8.72,PF
268,Richards Bay,-28.783,32.0377,73.09,overcast clouds,84,100,3.91,ZA
269,Hofn,64.2539,-15.2082,42.01,clear sky,66,0,5.7,IS
270,Sao Filipe,14.8961,-24.4956,71.56,broken clouds,77,74,9.64,CV
271,Barcelos,41.5388,-8.6151,59.0,scattered clouds,94,40,1.03,PT
272,Kapit,2.0167,112.9333,72.21,overcast clouds,98,99,0.54,MY
273,Ventspils,57.3894,21.5606,35.6,clear sky,100,0,5.75,LV
274,Listvyanka,51.8535,104.8693,17.6,clear sky,93,0,2.24,RU
275,Bandrele,-12.9067,45.1914,80.6,light rain,89,0,4.61,YT
276,Batagay,67.6333,134.6333,2.28,overcast clouds,96,97,3.13,RU
277,Tsabong,-26.0217,22.401,79.48,broken clouds,33,82,5.44,BW
278,Eureka,40.8021,-124.1637,66.99,clear sky,66,1,4.0,US
279,Labuhan,-6.8844,112.2051,77.2,overcast clouds,83,100,4.45,ID
280,Saint Anthony,45.0205,-93.218,45.0,clear sky,24,1,6.91,US
281,Melo,-32.3667,-54.1833,62.22,broken clouds,79,51,9.73,UY
282,Sobolevo,54.4299,31.8996,34.83,snow,96,100,14.74,RU
283,Klaksvik,62.2266,-6.589,39.2,clear sky,93,6,6.91,FO
284,Fare,-16.7,-151.0167,82.74,overcast clouds,69,97,10.0,PF
285,Xiongyue,40.1774,122.1228,51.6,overcast clouds,49,100,9.91,CN
286,Wajir,1.7471,40.0573,81.5,scattered clouds,64,27,16.33,KE
287,Waingapu,-9.6567,120.2641,78.39,overcast clouds,88,100,5.93,ID
288,Katsuura,35.1333,140.3,60.01,broken clouds,72,75,4.61,JP
289,Gazanjyk,39.2446,55.5154,56.03,clear sky,37,0,20.87,TM
290,Vila Franca Do Campo,37.7167,-25.4333,60.8,few clouds,82,20,9.22,PT
291,Mayumba,-3.432,10.6554,78.71,light rain,84,61,6.08,GA
292,Emerald,-23.5333,148.1667,72.0,clear sky,64,1,18.41,AU
293,Port Shepstone,-30.7414,30.455,71.49,light rain,84,100,1.79,ZA
294,Provideniya,64.3833,-173.3,10.4,light snow,72,90,4.47,RU
295,Guymon,36.6828,-101.4816,69.8,clear sky,14,1,26.46,US
296,Bubaque,11.2833,-15.8333,75.87,clear sky,71,1,13.98,GW
297,Kirkuk,35.4681,44.3922,60.1,overcast clouds,39,87,11.25,IQ
298,Bootle,53.4667,-3.0167,46.4,overcast clouds,71,90,13.8,GB
299,Kodinar,20.7903,70.7031,75.31,few clouds,75,23,8.72,IN
300,Omsukchan,62.5333,155.8,7.84,overcast clouds,87,100,8.9,RU
301,Santa Isabel Do Rio Negro,-0.4139,-65.0192,75.69,overcast clouds,92,99,1.68,BR
302,Port Macquarie,-31.4333,152.9167,72.0,overcast clouds,80,99,4.0,AU
303,Tautira,-17.7333,-149.15,87.8,moderate rain,66,75,6.91,PF
304,Lake Havasu City,34.4839,-114.3224,87.8,clear sky,5,1,10.36,US
305,Pervomaysk,48.0443,30.8507,45.84,broken clouds,62,65,8.01,UA
306,Port Hedland,-20.3167,118.5667,71.6,clear sky,68,0,8.05,AU
307,Vanavara,60.34,102.2797,1.81,overcast clouds,98,96,3.15,RU
308,Wanning,18.8003,110.3967,76.06,few clouds,92,11,7.94,CN
309,Verrettes,19.05,-72.4667,86.0,few clouds,58,20,11.5,HT
310,Ekpoma,6.7421,6.139,75.88,few clouds,77,19,5.53,NG
311,Bereda,43.2686,-7.5406,55.0,overcast clouds,100,99,1.01,ES
312,Vila Velha,-20.3297,-40.2925,77.0,overcast clouds,78,90,2.3,BR
313,Aguimes,27.9054,-15.4461,66.2,scattered clouds,77,40,11.5,ES
314,Narsaq,60.9167,-46.05,37.4,broken clouds,81,75,6.91,GL
315,North Bend,43.4065,-124.2243,66.0,clear sky,76,1,12.66,US
316,Bushehr,28.9684,50.8385,75.4,broken clouds,52,54,8.57,IR
317,Fortuna,40.5982,-124.1573,62.01,few clouds,72,20,17.27,US
318,Ippy,6.2679,21.2247,78.06,broken clouds,57,62,3.53,CF
319,Bakchar,57.0186,82.0711,22.8,overcast clouds,78,100,14.88,RU
320,Asau,46.4333,26.4,50.0,light rain,47,60,6.64,RO
321,Aulla,44.2146,9.9678,55.99,clear sky,86,0,2.24,IT
322,Neyshabur,36.2133,58.7958,53.91,overcast clouds,37,91,3.04,IR
323,Kollo,13.3043,2.339,84.2,clear sky,7,1,6.91,NE
324,Katobu,-4.9408,122.5276,76.98,overcast clouds,93,100,1.61,ID
325,Severo-Kurilsk,50.6789,156.125,31.73,light snow,92,78,14.52,RU
326,Ostrovnoy,68.0531,39.5131,28.4,overcast clouds,93,100,10.11,RU
327,Bosaso,11.2842,49.1816,79.39,few clouds,50,21,2.28,SO
328,Meulaboh,4.1363,96.1285,73.78,overcast clouds,81,96,6.62,ID
329,Aleksandrov Gay,50.147,48.5704,38.79,clear sky,54,0,8.75,RU
330,Brownsville,25.9018,-97.4975,68.0,overcast clouds,49,90,17.27,US
331,Wegrow,52.3995,22.0163,42.01,overcast clouds,77,96,13.49,PL
332,Perelyub,51.8667,50.3667,31.8,scattered clouds,81,49,10.71,RU
333,Surt,31.2089,16.5887,59.23,clear sky,62,0,6.67,LY
334,Inhuma,-6.6683,-41.7078,73.45,moderate rain,79,92,4.74,BR
335,Matagami,49.7502,-77.6328,21.2,clear sky,38,1,17.27,CA
336,Constitucion,-35.3333,-72.4167,56.17,few clouds,92,19,9.91,CL
337,Dehloran,32.6941,47.2679,76.08,overcast clouds,24,98,4.99,IR
338,Mocuba,-16.8392,36.9856,63.57,clear sky,90,5,2.75,MZ
339,Pucallpa,-8.3791,-74.5539,84.2,scattered clouds,65,40,3.44,PE
340,Bonthe,7.5264,-12.505,79.36,scattered clouds,86,39,5.26,SL
341,Buin,-33.7333,-70.75,71.6,clear sky,49,2,4.61,CL
342,Sioux Lookout,50.1001,-91.917,41.0,broken clouds,28,75,12.66,CA
343,Moramanga,-18.9333,48.2,64.4,light rain,98,94,3.53,MG
344,Kurmanayevka,52.5093,52.0675,32.99,light snow,81,100,13.65,RU
345,Salalah,17.0151,54.0924,77.0,clear sky,50,0,4.61,OM
346,Kosa,59.9445,54.9977,31.62,light snow,97,100,7.87,RU
347,Coahuayana,18.7333,-103.6833,86.0,scattered clouds,42,40,7.0,MX
348,Caxito,-8.5785,13.6643,80.6,few clouds,78,20,4.61,AO
349,Labrea,-7.2586,-64.7981,75.15,broken clouds,95,76,2.37,BR
350,Turukhansk,65.8167,87.9833,-1.59,broken clouds,85,77,14.94,RU
351,Shimoda,34.6667,138.95,51.01,overcast clouds,84,97,3.0,JP
352,Tucurui,-3.7661,-49.6725,75.65,heavy intensity rain,93,85,1.81,BR
353,Kalmunai,7.4167,81.8167,76.98,few clouds,85,11,6.22,LK
354,Te Anau,-45.4167,167.7167,54.81,overcast clouds,76,85,5.7,NZ
355,Kenai,60.5544,-151.2583,28.4,clear sky,46,1,9.22,US
356,Jawhar,2.7809,45.5005,79.21,overcast clouds,79,93,6.98,SO
357,Sao Jose Da Coroa Grande,-8.8978,-35.1478,79.39,scattered clouds,76,44,10.49,BR
358,Nishihara,26.1842,127.7558,71.6,broken clouds,100,75,11.5,JP
359,Gobabis,-22.45,18.9667,68.56,overcast clouds,41,97,8.3,NA
360,Asfi,32.2994,-9.2372,61.09,clear sky,89,9,3.2,MA
361,Mandalgovi,45.7625,106.2708,23.97,scattered clouds,55,44,10.51,MN
362,Ilulissat,69.2167,-51.1,37.4,overcast clouds,60,90,25.32,GL
363,Sri Aman,1.2376,111.4621,73.4,broken clouds,100,75,2.3,MY
364,Kruisfontein,-34.0033,24.7314,62.01,broken clouds,77,62,1.01,ZA
365,Traverse City,44.7631,-85.6206,33.8,few clouds,34,20,12.66,US
366,Iranshahr,27.2025,60.6848,74.75,clear sky,12,0,3.31,IR
367,Vao,-22.6667,167.4833,74.14,light rain,82,100,27.51,NC
368,Crestview,30.7621,-86.5705,62.6,clear sky,23,1,9.22,US
369,Xining,36.6167,101.7667,30.56,light snow,96,100,2.1,CN
370,Bilibino,68.0546,166.4372,1.81,broken clouds,86,84,6.67,RU
371,Hualmay,-11.0964,-77.6139,71.55,scattered clouds,77,41,12.1,PE
372,Sola,-13.8833,167.55,84.2,broken clouds,89,75,10.89,VU
373,Mama,58.3106,112.8986,5.54,overcast clouds,98,90,3.74,RU
374,Farah,32.5,62.5,57.02,clear sky,26,0,3.89,AF
375,Gouyave,12.1646,-61.7296,80.6,few clouds,74,20,16.11,GD
376,Coihaique,-45.5752,-72.0662,55.4,broken clouds,76,75,2.3,CL
377,Kouroussa,10.65,-9.8833,84.25,clear sky,16,2,3.22,GN
378,Nicoya,10.1483,-85.452,89.6,clear sky,40,0,26.46,CR
379,Price,39.5994,-110.8107,59.0,clear sky,10,1,3.44,US
380,Hami,42.8,93.45,43.83,clear sky,20,0,3.8,CN
381,Acarau,-2.8856,-40.12,78.57,broken clouds,81,78,12.33,BR
382,La Ronge,55.1001,-105.2842,51.8,overcast clouds,40,100,6.91,CA
383,Kilingi-Nomme,58.1503,24.9642,30.74,broken clouds,91,70,4.92,EE
384,Diego De Almagro,-26.3667,-70.05,68.7,clear sky,29,1,4.83,CL
385,Ust-Nera,64.5667,143.2,4.89,overcast clouds,93,99,3.53,RU
386,Broome,42.2506,-75.833,34.0,overcast clouds,69,90,17.27,US
387,Sakakah,29.9697,40.2064,60.8,clear sky,27,0,4.63,SA
388,Ixtapa,20.7,-105.2,77.0,clear sky,69,1,11.5,MX
389,Khash,28.2211,61.2158,58.75,clear sky,16,0,3.13,IR
390,Vila Do Maio,15.1333,-23.2167,69.8,clear sky,78,0,18.41,CV
391,Baruun-Urt,46.6806,113.2792,28.15,overcast clouds,81,100,16.73,MN
392,Tocopilla,-22.092,-70.1979,69.42,few clouds,71,20,10.45,CL
393,Pangody,65.85,74.4859,25.39,overcast clouds,97,97,5.53,RU
394,Ambon,-3.6954,128.1814,78.8,few clouds,89,20,9.22,ID
395,Moguer,37.2756,-6.8385,60.01,clear sky,73,2,5.01,ES
396,Dubrovka,53.6907,33.5071,48.2,overcast clouds,76,100,11.18,RU
397,Jalu,29.0331,21.5482,56.48,clear sky,49,3,8.55,LY
398,Andilamena,-17.0167,48.5833,66.25,light rain,96,100,7.83,MG
399,Westport,41.1415,-73.3579,44.01,overcast clouds,59,95,14.2,US
400,Garowe,8.4054,48.4845,69.8,scattered clouds,66,25,6.29,SO
401,Shingu,33.7333,135.9833,64.4,broken clouds,63,75,8.05,JP
402,Half Moon Bay,37.4636,-122.4286,77.0,clear sky,30,1,9.22,US
403,Alice Springs,-23.7,133.8833,64.4,clear sky,59,0,6.91,AU
404,Pacifica,37.6138,-122.4869,80.6,clear sky,40,1,8.05,US
405,Nome,64.5011,-165.4064,3.99,clear sky,66,1,6.91,US
406,Cherdyn,60.403,56.4787,31.05,light snow,97,100,7.34,RU
407,Quelimane,-17.8786,36.8883,68.92,clear sky,74,5,1.68,MZ
408,Newport,51.5877,-2.9984,45.0,clear sky,80,4,17.2,GB
409,Chingirlau,51.095,54.0814,26.04,clear sky,76,1,10.94,KZ
410,Ketchikan,55.3422,-131.6461,37.4,snow,87,75,13.8,US
411,Agua Fria,13.4689,-87.5511,100.4,scattered clouds,37,40,20.71,HN
412,Matale,7.4721,80.6234,70.56,clear sky,92,3,4.45,LK
413,Mets Masrik,40.2183,45.7681,35.06,clear sky,59,0,5.37,AM
414,Diu,20.7141,70.9822,74.55,few clouds,80,22,9.42,IN
415,Gushi,34.6425,109.5843,48.67,light rain,94,100,3.18,CN
416,Pella,59.7775,30.8181,35.6,light snow,75,0,4.47,RU
417,Ulaanbaatar,47.9077,106.8832,14.0,clear sky,79,0,6.71,MN
418,Yarkovo,57.4028,67.0786,34.16,overcast clouds,96,100,9.37,RU
419,Moose Factory,51.2585,-80.6094,17.6,clear sky,62,1,14.97,CA
420,Inirida,3.8653,-67.9239,76.03,overcast clouds,93,100,1.45,CO
421,Port Hueneme,34.1478,-119.1951,84.2,clear sky,31,1,13.8,US
422,Winona,43.9666,-91.7668,43.0,clear sky,31,1,3.44,US
423,Kabale,-1.2486,29.9899,56.26,broken clouds,94,53,2.59,UG
424,Kibala,9.1104,18.3463,84.2,clear sky,17,0,9.22,TD
425,Aosta,45.7667,7.4167,61.0,clear sky,100,0,14.97,IT
426,Luwingu,-10.2621,29.9271,59.68,few clouds,98,13,3.44,ZM
427,Kodinsk,58.6881,99.1844,16.97,light snow,96,100,3.62,RU
428,Malvern,34.3623,-92.813,60.8,clear sky,18,1,5.75,US
429,Laguna,38.421,-121.4238,84.2,clear sky,14,1,4.61,US
430,Shenjiamen,29.9576,122.298,58.75,overcast clouds,97,98,6.38,CN
431,Mwanza,-2.5167,32.9,71.6,scattered clouds,78,40,9.31,TZ
432,Nokha,27.6,73.4167,72.03,clear sky,9,0,4.5,IN
433,La Montanita,1.4766,-75.4398,75.61,overcast clouds,89,100,2.08,CO
434,Catio,11.2833,-15.25,75.02,clear sky,72,0,6.11,GW
435,Portree,57.4129,-6.1942,36.0,clear sky,82,2,3.0,GB
436,Ust-Ordynskiy,52.805,104.7508,17.6,clear sky,93,0,2.24,RU
437,Jumla,29.2747,82.1838,39.27,clear sky,23,0,6.91,NP
438,Mount Gambier,-37.8333,140.7667,60.8,clear sky,63,6,9.22,AU
439,Bone,51.9669,12.1396,46.0,overcast clouds,87,99,3.0,DE
440,Altay,47.8667,88.1167,22.93,clear sky,52,0,8.1,CN
441,Puerto Baquerizo Moreno,-0.9,-89.6,80.6,scattered clouds,83,40,5.75,EC
442,Kortkeros,61.8106,51.5806,32.0,broken clouds,100,75,6.71,RU
443,Hearst,49.6835,-83.6665,32.0,scattered clouds,21,49,4.61,CA
444,Pauini,-7.7136,-66.9764,75.27,light rain,94,83,3.02,BR
445,Walvis Bay,-22.9575,14.5053,69.8,scattered clouds,68,35,8.05,NA
446,Ajdabiya,30.7554,20.2263,56.17,clear sky,54,0,6.96,LY
447,Aitape,-3.1374,142.3475,78.94,overcast clouds,82,100,4.45,PG
448,Husavik,66.0449,-17.3389,39.2,few clouds,70,20,10.4,IS
449,Alice Town,25.7167,-79.3,75.45,overcast clouds,76,93,10.92,BS
450,Talaya,61.3833,152.75,5.25,overcast clouds,87,97,4.7,RU
451,Lipin Bor,60.2622,37.9763,31.48,overcast clouds,92,100,5.48,RU
452,Antofagasta,-23.65,-70.4,64.4,few clouds,72,20,14.97,CL
453,Mikuni,36.2171,136.1519,44.6,few clouds,93,20,2.3,JP
454,Denpasar,-8.65,115.2167,78.8,scattered clouds,94,40,5.75,ID
455,Harqalah,36.0303,10.509,64.0,clear sky,72,0,4.61,TN
456,Maceio,-9.6658,-35.7353,77.0,clear sky,88,0,6.91,BR
457,Iracoubo,5.4802,-53.2011,77.43,overcast clouds,83,94,11.77,GF
458,Hopkinton,41.4612,-71.7776,45.0,overcast clouds,56,90,9.22,US
459,Lompoc,34.6391,-120.4579,75.99,clear sky,35,0,19.57,US
460,Makakilo City,21.3469,-158.0858,84.2,few clouds,51,20,12.66,US
461,Honiara,-9.4333,159.95,85.1,overcast clouds,71,87,6.29,SB
462,Dicabisagan,17.0818,122.4157,78.04,few clouds,78,24,3.83,PH
463,Tevaitoa,-16.7833,-151.5,82.58,overcast clouds,68,100,8.46,PF
464,Tayu,-6.5397,111.0518,77.5,overcast clouds,83,100,4.16,ID
465,Siparia,10.1333,-61.5,80.01,overcast clouds,82,100,1.99,TT
466,Camacha,33.0833,-16.3333,62.6,few clouds,82,20,10.36,PT
467,Iqaluit,63.7506,-68.5145,-13.0,snow,64,1,10.36,CA
468,Olga,43.7444,135.2892,42.57,broken clouds,60,67,2.26,RU
469,Nargana,9.4428,-78.5906,80.2,broken clouds,84,79,15.26,PA
470,Parfino,57.9731,31.6481,32.2,clear sky,92,5,3.47,RU
471,Odemira,37.598,-8.6397,59.0,clear sky,91,10,3.0,PT
472,Khasan,42.4308,130.6434,42.35,overcast clouds,76,100,4.18,RU
473,Bilkha,21.4333,70.6,73.94,clear sky,74,4,4.88,IN
474,Taitung,22.7583,121.1444,73.4,few clouds,83,20,4.61,TW
475,Zhangye,38.9342,100.4517,37.49,overcast clouds,64,100,5.77,CN
476,Mehran,33.1222,46.1646,59.0,overcast clouds,41,100,2.3,IR
477,Burgeo,47.6167,-57.6152,37.2,overcast clouds,98,100,15.46,CA
478,Atmakur,15.8833,78.5833,80.26,overcast clouds,28,92,5.26,IN
479,Monaco-Ville,43.731,7.4248,55.99,clear sky,82,0,2.3,FR
480,Buala,-8.145,159.5921,84.94,overcast clouds,68,88,6.91,SB
481,Slave Lake,55.2834,-114.769,39.2,overcast clouds,75,90,23.02,CA
482,Suba,10.8438,121.0102,82.29,overcast clouds,73,100,18.97,PH
483,Ormara,25.2088,64.6357,82.27,clear sky,38,0,13.56,PK
484,Qarqin,37.4185,66.0436,51.12,clear sky,40,0,2.53,AF
485,Puerto Del Rosario,28.5004,-13.8627,66.2,few clouds,82,20,4.61,ES
486,Muravlenko,63.7898,74.523,23.77,overcast clouds,97,100,5.03,RU
487,Calama,-22.4667,-68.9333,71.6,clear sky,14,0,23.02,CL
488,North Battleford,52.7834,-108.2847,55.4,clear sky,38,1,13.8,CA
489,Mamontovo,52.7055,81.6244,14.67,scattered clouds,94,33,8.25,RU
490,Saquarema,-22.92,-42.5103,80.6,scattered clouds,61,40,11.5,BR
491,Petropavlovsk-Kamchatskiy,53.0452,158.6483,39.2,scattered clouds,60,40,6.71,RU
492,Son La,21.3167,103.9,67.86,clear sky,36,0,1.52,VN
493,Cabedelo,-6.9811,-34.8339,80.6,few clouds,83,20,5.75,BR
494,Japura,-0.3167,102.35,71.1,broken clouds,92,66,1.66,ID
495,Mezhdurechensk,53.6942,88.0603,8.26,broken clouds,98,80,3.09,RU
496,Marawi,7.9986,124.2928,71.6,overcast clouds,91,100,0.83,PH
497,Sibolga,1.7427,98.7792,75.6,broken clouds,85,79,2.55,ID
498,Prokhorovka,51.0374,36.7325,46.4,clear sky,61,0,8.95,RU
499,Guerrero Negro,27.9769,-114.0611,70.38,clear sky,49,1,14.72,MX
500,Lake City,30.1897,-82.6393,62.6,clear sky,27,1,11.5,US
501,Krym,47.3003,39.5164,46.4,clear sky,66,0,13.42,RU
502,Chiang Klang,19.2938,100.8617,76.17,clear sky,43,1,0.76,TH
503,Conde,-7.2597,-34.9075,80.6,few clouds,83,20,5.75,BR
504,Kupang,-10.1667,123.5833,75.2,overcast clouds,100,90,2.3,ID
505,Alcantara,-2.4089,-44.4147,80.6,moderate rain,94,75,5.75,BR
506,Tabas,33.5959,56.9244,69.66,overcast clouds,20,99,3.24,IR
507,Zhigansk,66.7697,123.3711,10.56,overcast clouds,95,100,10.47,RU
508,Berlevag,70.8578,29.0864,30.4,overcast clouds,86,100,2.33,NO
509,Olympia,47.0379,-122.9007,61.0,clear sky,31,1,9.22,US
510,Yabrud,33.9674,36.6574,46.4,clear sky,53,0,10.36,SY
511,Viedma,-40.8135,-62.9967,63.63,overcast clouds,71,99,15.99,AR
512,Methven,-43.6333,171.65,62.01,moderate rain,74,100,16.78,NZ
513,Balikpapan,-1.2675,116.8289,76.17,light rain,90,100,3.71,ID
514,Kieta,-6.2167,155.6333,83.26,broken clouds,77,70,6.02,PG
515,Teguldet,57.3064,88.1667,21.49,overcast clouds,83,100,12.19,RU
516,Cacapava,-23.1008,-45.7069,69.8,few clouds,77,20,6.91,BR
517,Lata,40.1629,-8.3327,59.0,scattered clouds,95,29,4.0,PT
518,Ejido,8.5514,-71.2375,70.99,overcast clouds,88,95,2.37,VE
519,Cururupu,-1.8283,-44.8683,74.3,light rain,96,92,3.04,BR
520,Kawalu,-7.3817,108.2082,71.58,overcast clouds,97,100,1.61,ID
521,Namatanai,-3.6667,152.4333,83.68,light rain,74,85,6.02,PG
522,Altea,38.5989,-0.0514,60.01,few clouds,61,20,7.43,ES
523,Chuguyevka,44.1653,133.8633,43.59,overcast clouds,57,99,3.51,RU
524,Bangassou,4.7413,22.8184,70.07,overcast clouds,90,97,2.24,CF
525,Rabak,13.1809,32.74,82.8,clear sky,12,5,14.79,SD
526,Lyuban,52.7985,28.0048,39.06,broken clouds,90,82,14.5,BY
527,Kurumkan,54.3,110.3,11.82,scattered clouds,88,31,4.45,RU
528,Gigmoto,13.7796,124.39,80.13,overcast clouds,77,96,9.98,PH
529,Sept-Iles,50.2001,-66.3821,25.0,snow,80,90,20.71,CA
530,Birjand,32.8663,59.2211,50.0,clear sky,20,0,4.61,IR
531,Krasnyy Yar,46.5331,48.3456,48.2,overcast clouds,43,99,13.42,RU
532,Ugoofaaru,5.6667,73.0,83.64,overcast clouds,78,100,12.21,MV
533,Punakha,27.5837,89.8598,46.6,clear sky,75,4,4.14,BT
534,Zyryanka,65.75,150.85,-0.42,overcast clouds,92,99,8.43,RU
535,Hambantota,6.1241,81.1185,78.66,few clouds,83,18,14.5,LK
536,Yumen,40.2833,97.2,35.02,overcast clouds,27,89,16.24,CN
537,Kushmurun,52.4503,64.6311,24.4,overcast clouds,79,100,15.73,KZ
538,Skibbereen,51.55,-9.2667,48.2,clear sky,87,0,13.8,IE
539,Hovd,48.0056,91.6419,24.93,broken clouds,51,68,3.4,MN
540,Vila,42.0304,-8.1588,54.0,overcast clouds,93,97,1.01,PT
541,Port Blair,11.6667,92.75,81.01,moderate rain,68,100,12.37,IN
542,Vestmannaeyjar,63.4427,-20.2734,42.48,overcast clouds,71,100,16.73,IS
543,Malanje,-9.5402,16.341,64.35,light rain,97,100,2.04,AO
544,Bani,18.2833,-70.3333,80.01,clear sky,74,5,3.0,DO
545,Depalpur,22.85,75.55,66.2,haze,27,0,3.44,IN
546,Nyurba,63.2842,118.3319,-10.03,broken clouds,90,52,9.46,RU
547,Marystown,47.1666,-55.1483,35.65,overcast clouds,90,95,6.33,CA
548,Key West,24.5557,-81.7826,82.4,clear sky,74,1,14.97,US
549,Pandan,14.0453,124.1694,80.2,overcast clouds,71,99,10.31,PH
550,Verkhoyansk,67.5447,133.385,1.47,overcast clouds,96,97,3.04,RU
551,Carira,-10.3608,-37.7011,75.69,broken clouds,78,69,14.72,BR
552,Trat,12.5,102.5,81.0,overcast clouds,99,98,2.71,TH
553,Banda Aceh,5.5577,95.3222,78.89,light rain,82,99,18.39,ID
554,Taoudenni,22.6783,-3.9836,86.76,broken clouds,8,70,9.6,ML
555,Dwarka,22.2394,68.9678,77.94,clear sky,71,0,9.19,IN
556,Zhangjiakou,40.81,114.8794,46.85,overcast clouds,55,100,1.48,CN
557,Henties Bay,-22.116,14.2845,70.07,light rain,76,18,5.03,NA
558,San Policarpo,12.1791,125.5072,81.1,overcast clouds,77,99,8.25,PH
559,Arlit,18.7369,7.3853,73.98,clear sky,10,0,8.39,NE
560,Ashland,40.8167,-82.2665,27.0,overcast clouds,95,100,7.0,US
561,Polyanka,50.2584,27.6881,51.71,overcast clouds,88,99,7.31,UA
562,Saltillo,25.4167,-101.0,48.2,mist,87,90,6.91,MX
563,Venado Tuerto,-33.7456,-61.9688,64.99,broken clouds,41,62,1.01,AR
564,Mount Isa,-20.7333,139.5,78.8,clear sky,34,0,13.8,AU
565,Sechura,-5.5569,-80.8222,79.27,scattered clouds,59,45,14.85,PE
566,Prince Albert,53.2001,-105.7677,50.0,overcast clouds,57,90,6.91,CA
567,Otradnoye,59.7775,30.8181,35.6,light snow,75,0,4.47,RU
568,Virden,39.5009,-89.7679,44.01,clear sky,35,0,8.99,US
569,Moussoro,13.6408,16.4901,73.67,overcast clouds,10,96,12.28,TD
570,Namie,37.4833,141.0,50.0,scattered clouds,84,39,2.89,JP
571,Pombas,17.1503,-25.0201,69.8,few clouds,73,20,28.77,CV
572,Gravdal,68.1214,13.5031,38.07,overcast clouds,72,95,21.47,NO
573,Linhares,-19.3911,-40.0722,70.86,scattered clouds,94,25,3.33,BR
574,Clearwater,27.9659,-82.8001,69.01,clear sky,39,1,13.8,US
575,Daru,-9.0763,143.2092,78.13,light rain,89,100,2.42,PG
576,Tamiahua,21.2667,-97.45,66.42,overcast clouds,87,100,21.99,MX
577,Honningsvag,70.9821,25.9704,31.84,overcast clouds,87,100,2.98,NO
578,Veraval,20.9,70.3667,76.64,few clouds,72,23,8.5,IN
579,Juba,4.8517,31.5825,73.78,broken clouds,80,55,3.04,SS
580,Saint-Junien,45.8833,0.9,62.6,clear sky,39,0,9.22,FR
581,Inta,66.0317,60.1659,27.25,overcast clouds,88,100,8.05,RU
582,Chapais,49.7834,-74.8492,19.4,clear sky,53,1,16.11,CA
583,Peterhead,57.5058,-1.7981,42.01,clear sky,86,0,1.14,GB
584,Conceicao Da Barra,-18.5933,-39.7322,76.84,few clouds,83,14,6.24,BR
585,Porto Santo,33.072,-16.3415,62.6,few clouds,82,20,10.36,PT
586,Huangnihe,43.5583,128.0239,45.46,overcast clouds,63,100,4.09,CN
587,Kermanshah,34.3142,47.065,57.2,clear sky,38,0,6.91,IR
588,Sovetskaya,44.7769,41.1722,41.22,broken clouds,86,80,3.18,RU
589,Saint-Francois,46.4154,3.9054,54.0,clear sky,81,0,2.3,FR
590,Adrar,20.5022,-10.0711,82.08,overcast clouds,6,100,11.83,MR
591,Vostok,46.4856,135.8833,36.73,broken clouds,68,63,3.27,RU
592,Jinchang,38.4953,102.1739,39.87,overcast clouds,52,100,4.7,CN
593,Lagoa,39.05,-27.9833,59.72,overcast clouds,82,97,26.17,PT
594,Ouahigouya,13.5828,-2.4216,81.5,clear sky,7,0,11.03,BF
595,General Pico,-35.6566,-63.7568,64.94,scattered clouds,60,32,6.85,AR
596,Sao Felix Do Xingu,-6.6447,-51.995,73.29,light rain,98,100,1.59,BR
597,Takoradi,4.8845,-1.7554,80.13,few clouds,86,14,6.93,GH
598,Xai-Xai,-25.0519,33.6442,67.68,clear sky,86,4,6.2,MZ
599,Flinders,-34.5833,150.8552,70.0,broken clouds,86,58,1.01,AU
600,Wete,-5.0559,39.7294,77.85,overcast clouds,83,95,10.31,TZ
601,Tabora,-5.0167,32.8,62.74,broken clouds,93,66,3.91,TZ
602,Pringsewu,-5.3582,104.9744,71.49,overcast clouds,94,98,1.07,ID
603,Bala,32.3339,35.1116,55.4,clear sky,58,0,5.75,PS
604,Pitimbu,-7.4706,-34.8086,80.6,few clouds,83,20,5.75,BR
605,Krasnoselkup,65.7,82.4667,12.6,light snow,93,100,18.41,RU
606,Caracollo,-14.9165,-70.6603,46.9,overcast clouds,76,91,5.21,PE
607,Ubatuba,-23.4339,-45.0711,69.8,few clouds,73,20,3.44,BR
608,Magdalena,14.1999,121.429,82.0,few clouds,73,20,6.44,PH
609,Buchanan,5.8808,-10.0467,79.07,broken clouds,88,56,7.83,LR
610,Saint-Ambroise,48.5501,-71.3324,21.99,snow,93,100,13.8,CA
611,Manuk Mangkaw,4.8,119.85,81.97,overcast clouds,79,100,16.49,PH
612,Mangrol,21.1167,70.1167,76.68,few clouds,70,11,8.1,IN
613,Caravelas,-17.7125,-39.2481,77.23,scattered clouds,89,31,2.93,BR
614,Mwinilunga,-11.7358,24.4293,60.37,few clouds,97,21,3.58,ZM
615,Solnechnyy,50.7214,136.6319,35.31,broken clouds,73,76,3.0,RU
616,Canutama,-6.5339,-64.3831,75.04,overcast clouds,96,100,2.84,BR
617,Bay Roberts,47.5999,-53.2648,39.99,broken clouds,52,75,6.91,CA
618,Emba,48.8264,58.1442,16.79,clear sky,84,1,6.29,KZ
619,Sechelt,49.4664,-123.7694,55.99,broken clouds,76,65,10.36,CA
620,Ayagoz,47.9714,80.4392,28.69,overcast clouds,75,92,8.1,KZ
621,Ekibastuz,51.6667,75.3667,18.16,clear sky,72,5,13.96,KZ
622,Prince Rupert,54.3161,-130.3201,39.2,light snow,87,75,9.22,CA
623,Luanda,-8.8368,13.2343,80.6,few clouds,78,20,4.61,AO
624,Tobol,52.6844,62.5794,25.56,overcast clouds,78,100,16.4,KZ
625,Pisco,-13.7,-76.2167,71.6,clear sky,73,0,21.85,PE
626,Riyadh,24.6877,46.7219,80.6,clear sky,22,0,8.05,SA
627,Persianovskiy,47.5137,40.1075,46.4,clear sky,66,0,13.42,RU
628,Torbat-E Jam,35.244,60.6225,50.76,overcast clouds,42,91,1.12,IR
629,Springfield,37.2153,-93.2982,51.01,clear sky,20,1,6.29,US
630,Ladario,-19.0047,-57.6017,86.0,broken clouds,79,75,3.91,BR
631,Senno,59.5336,33.9167,30.0,scattered clouds,87,30,2.75,RU
632,Taylorville,39.5489,-89.2945,44.01,clear sky,31,1,10.36,US
633,Motygino,58.1831,94.7592,25.47,overcast clouds,93,100,10.51,RU
634,Kununurra,-15.7667,128.7333,75.2,overcast clouds,83,100,1.14,AU
635,Berdigestyakh,62.0989,126.6992,13.6,snow,93,100,12.41,RU
636,Mishan,45.55,131.8833,42.6,overcast clouds,60,100,11.7,CN
637,Am Timan,11.0297,20.2827,85.14,scattered clouds,13,29,10.11,TD
638,Baykit,61.67,96.37,-4.22,broken clouds,99,72,3.0,RU
639,Berbera,10.4396,45.0143,77.94,clear sky,70,1,2.73,SO
640,Punta Cardon,11.6581,-70.215,78.76,broken clouds,77,75,30.13,VE
641,Panaba,21.2833,-88.2667,80.73,few clouds,60,18,18.41,MX
642,Itacoatiara,-3.1431,-58.4442,72.72,overcast clouds,97,100,2.86,BR
643,Salvador,13.8333,-88.9167,87.8,clear sky,51,0,8.05,SV
644,Little Current,45.9793,-81.9248,34.0,clear sky,16,1,10.36,CA
645,Tiarei,-17.5333,-149.3333,87.8,light rain,66,75,6.91,PF
646,Sembe,1.6481,14.5806,73.47,broken clouds,76,72,1.01,CG
647,Belmonte,-15.8631,-38.8828,80.6,moderate rain,83,20,14.97,BR
648,Kalach-Na-Donu,48.691,43.5264,44.6,clear sky,61,0,11.18,RU
649,Mouila,-1.8685,11.0559,73.06,overcast clouds,96,94,1.23,GA
650,Beyneu,45.3167,55.2,44.4,scattered clouds,47,38,20.18,KZ
651,High Level,58.5169,-117.136,39.2,light rain,87,75,9.22,CA
652,Nambour,-26.6333,152.95,75.99,overcast clouds,82,92,4.0,AU
653,Moron,-34.6534,-58.6198,69.01,few clouds,73,22,3.0,AR
654,Faya,18.3851,42.4509,62.6,clear sky,39,0,0.58,SA
655,Seymchan,62.8833,152.4333,8.19,scattered clouds,81,41,4.34,RU
656,Kosh-Agach,50.0,88.6667,2.05,few clouds,79,20,4.7,RU
657,Mareeba,-17.0,145.4333,78.8,broken clouds,73,75,16.11,AU
658,Deputatskiy,69.3,139.9,2.77,overcast clouds,94,100,2.06,RU
659,Raudeberg,61.9875,5.1352,42.01,overcast clouds,93,100,6.6,NO
660,Chumikan,54.7183,135.315,27.88,broken clouds,85,71,9.17,RU
661,Shelby,35.2001,-89.8668,51.01,clear sky,29,1,16.11,US
662,La Ermita,20.4139,-101.9936,82.72,clear sky,19,2,13.89,MX
663,Pachmarhi,22.4667,78.4333,66.88,clear sky,10,0,0.78,IN
664,Khandyga,62.6667,135.6,20.19,overcast clouds,93,100,3.74,RU
665,Vagamo,61.8751,9.0967,24.53,scattered clouds,88,49,5.99,NO
666,Kang,-23.6752,22.7876,71.35,overcast clouds,37,99,5.28,BW
667,Ulkan,57.243,107.3223,3.78,broken clouds,98,74,3.27,RU
668,Freeport,40.6576,-73.5832,46.4,scattered clouds,36,40,26.46,US
669,Zhengjiatun,43.5064,123.5064,57.43,overcast clouds,30,100,17.07,CN
670,Moerai,-22.4333,-151.3333,80.53,clear sky,69,9,22.62,PF
671,Merrill,45.1805,-89.6835,41.0,clear sky,26,1,4.76,US
672,Necochea,-38.5473,-58.7368,63.0,broken clouds,77,57,3.0,AR
673,Mbaiki,3.8678,17.9892,73.22,overcast clouds,79,95,1.16,CF
674,Laurel,39.0993,-76.8483,42.01,overcast clouds,65,90,10.36,US
675,Coalinga,36.1397,-120.3602,84.0,scattered clouds,17,41,3.0,US
676,Acambay,19.9558,-99.8417,58.48,scattered clouds,55,37,19.15,MX
677,Pimenta Bueno,-11.6725,-61.1936,74.21,overcast clouds,95,94,2.91,BR
678,Mahon,39.8885,4.2658,55.4,clear sky,88,0,9.22,ES
679,Anloga,5.7947,0.8973,84.2,few clouds,70,20,4.61,GH
680,Taubate,-23.0264,-45.5553,69.8,few clouds,73,20,3.44,BR
681,Longkou,37.6508,120.3286,49.42,overcast clouds,73,100,3.15,CN
682,Nuuk,64.1835,-51.7216,33.8,snow,100,90,40.29,GL
683,Campo Grande,-20.4428,-54.6464,77.0,few clouds,61,20,5.75,BR
684,Pindiga,9.9833,10.9333,79.88,scattered clouds,14,46,11.99,NG
